Seattle Seahawks Star Richard Sherman Talks About Tom Brady  http://t.co/eGIYQLrWvA, 0.0
Win 2 tickets to Chargers vs. Seahawks from PalaCasino Aug.29 Game http://t.co/wkVF29Drul football Qualcommstadium, 0.2
Friday Night - $4.99 Haus Fries - $3 Jager Bombs - $3 Jim Beam - $3 Bacardi Rum - NFL Seahawks vs Chiefs 7pm, 0.0
Seahawks Seahawks Seahawks Seahawks Seahawks Seahawks Seahawks Seahawks Seahawks Seahawks Seahawks Seahawks Seahawks Seahawks Seahawks, 0.0
"flylikeme_np NFL Seahawks RapSheet Giants good, sign him giants.. i actually would like to see this go down with Eagles vs Giants.", 0.181
"RT AaronQ13Fox: First look from the second-loudest stadium in the NFL. Seahawks Chiefs on Q13FOX pregame at 4pm http://t.co/20TdKp7uvx", 0.3
"It still blows my mind to think about the way the Seahawks lost the Super Bowl should've ran it?", -0.94
RT NFL: On to Seattle?, -0.3
NFL Seahawks is it going to be on tv?, 0.3
NFL Wire: Evan Mathis to visit Seattle Seahawks http://t.co/HZwgcRZdN3 http://t.co/pqlIOUrluu, 0.0
NFL Wire: Evan Mathis to visit Seattle Seahawks http://t.co/Nv7Mpwblqz http://t.co/ASt2gbCvEO, 0.0
NFL Wire: Evan Mathis to visit Seattle Seahawks http://t.co/ikginn3Jnw http://t.co/dXV57PH0RV, 0.0
NFL Wire: Evan Mathis to visit Seattle Seahawks http://t.co/3iFpSRi1Id http://t.co/NAJQSW7xtx, 0.0
NFL Wire: Evan Mathis to visit Seattle Seahawks http://t.co/MiKTQ4udjL http://t.co/1cCGMWvyqa, 0.0
NFL Wire: Evan Mathis to visit Seattle Seahawks http://t.co/C9ConCToa6 http://t.co/yNxZzsZyFr, 0.0
NFL Wire: Evan Mathis to visit Seattle Seahawks http://t.co/xaZ3CxoPZl http://t.co/QsMQztr2CW, 0.0
NFL Wire: Evan Mathis to visit Seattle Seahawks http://t.co/67fg1wdNog http://t.co/KbU6kwto1M, 0.0
NFL Wire: Evan Mathis to visit Seattle Seahawks http://t.co/dhjuyk6zyc http://t.co/TJlpWSoT7d, 0.0
NFL Wire: Evan Mathis to visit Seattle Seahawks http://t.co/LqVB9jhg22 http://t.co/4ybL6xp42b, 0.0
NFL Wire: Evan Mathis to visit Seattle Seahawks http://t.co/Sxnx3XiuwV http://t.co/yQMy4bd2bJ, 0.0
NFL Wire: Evan Mathis to visit Seattle Seahawks http://t.co/tQvEY3vwqb http://t.co/eFWnJ3ovnm, 0.0
NFL Wire: Evan Mathis to visit Seattle Seahawks http://t.co/LEOClFWyZv http://t.co/ylksDZ8MHq, 0.0
NFL Wire: Evan Mathis to visit Seattle Seahawks http://t.co/iD0MksNL1w http://t.co/NRtXMld7Jl, 0.0
NFL Wire: Evan Mathis to visit Seattle Seahawks http://t.co/u9gNy3PPDl http://t.co/EbgEGRuqn0, 0.0
RT Brianna_Lynne7: Let's go SEAHAWKS, 1.0
ThaMonstar RobT_33 Seahawks 12 MAN, 1.0
NFL Wire: Evan Mathis to visit Seattle Seahawks http://t.co/HeokAx7B9F http://t.co/MawRFxgRpi, 0.0
NFL Wire: Evan Mathis to visit Seattle Seahawks http://t.co/pLRxhuDRau http://t.co/QbIya7uqmK, 0.0
NFL Wire: Evan Mathis to visit Seattle Seahawks http://t.co/DoQlNWwUlv http://t.co/TX9tWwthBt, 0.0
Seahawks FIRST NFL GAME HYPE, 1.0
NFL Wire: Evan Mathis to visit Seattle Seahawks http://t.co/pkqQFGmLhQ http://t.co/HegN4pQK42, 0.0
NFL Wire: Evan Mathis to visit Seattle Seahawks http://t.co/eQbDEO3cDe http://t.co/VGS9vJhFtl, 0.0
NFL Wire: Evan Mathis to visit Seattle Seahawks http://t.co/cnrdNSzfdB http://t.co/4STxl3fOLu, 0.0
NFL Seahawks RapSheet welcome to the toughest division  in football where all 4 teams have Monster D-Lines lol., 0.12
NFL Wire: Evan Mathis to visit Seattle Seahawks http://t.co/k6BmT8ot8q http://t.co/RUKzSBxHSg, 0.0
NFL Wire: Evan Mathis to visit Seattle Seahawks http://t.co/5tJZNlMjcJ http://t.co/hl7MkjrSeU, 0.0
NFL Wire: Evan Mathis to visit Seattle Seahawks http://t.co/MsP3lveKZw http://t.co/gL1nj6ERud, 0.0
NFL Wire: Evan Mathis to visit Seattle Seahawks http://t.co/rHINo24FvM http://t.co/auJUGdNC98, 0.0
NFL Wire: Evan Mathis to visit Seattle Seahawks http://t.co/dRiZJvzrQI http://t.co/RIpFK6W6z5, 0.0
NFL Wire: Evan Mathis to visit Seattle Seahawks http://t.co/WQNFuC22YO http://t.co/A6rzjPT5nx, 0.0
NFL Wire: Evan Mathis to visit Seattle Seahawks http://t.co/AzvlbaQFIA http://t.co/QosnBOfn8i, 0.0
jim_flack NFL Seahawks RapSheet because you don't need a back up long snapper, -0.19
Preseason game comes on tonight chiefs vs Seahawks, 0.45
RT HawksNationYes: At http://t.co/guDFemjXQV -- Big things poppin for russellwilson love ciara.. lovebirds truelove, 0.89
SEAHAWKS PLAY TODAY, 0.78
Blue Friday!!, 0.38
seahawks seattle students positive people beastmode seattleseahawks nfl https://t.co/ZTpHl70xvm", 1.0
